{"train epoch": 0, "train loss": 2.244011163711548, "train acc:": 0.09375, "_timestamp": 1655037499, "_runtime": 39, "_step": 0, "_wandb": {"runtime": 38}}