{"train epoch": 0, "train loss": 2.0912985801696777, "train acc:": 0.09375, "_timestamp": 1655037329, "_runtime": 43, "_step": 0, "_wandb": {"runtime": 42}}