{"train epoch": 0, "train loss": 2.222628355026245, "train acc:": 0.15625, "_timestamp": 1655057079, "_runtime": 36, "_step": 0, "_wandb": {"runtime": 175}}